"","Site","alt","alt_rough","bio_1","bio_10","bio_11","bio_12","bio_13","bio_14","bio_15","bio_16","bio_17","bio_18","bio_19","bio_2","bio_3","bio_4","bio_5","bio_6","bio_7","bio_8","bio_9","Location","Land_cover","Biome","Biogeogr","Country","Latitude","Longitude","Elevation","Abundance","Richness","Seasons","Years","PresAbs","Shrews"
"1","1",1413,131,203,220,169,1176,221,0,91,621,2,250,2,157,61,2149,309,53,256,215,169,"AGO_Okavango","Natural","Savanna","Zambezian","Angola",-13.1,18.2,1440,10,10,2,3,1,1
"2","2",1992,665,163,169,153,1459,225,4,65,605,31,349,115,108,72,671,233,85,148,166,153,"BDI_Bururi","Natural","Forest","Congolian","Burundi",-3.9383,29.5969,1880,171,12,2,1,0,1
"3","3",243,46,270,288,252,1095,188,6,74,530,19,168,530,115,71,1371,361,200,161,252,273,"BEN_Gotcha","Natural","Forest-savanna","Congolian","Benin",8.29,1.79,240,100,10,1,1,0,1
"4","4",242,56,270,288,252,1089,186,6,74,524,19,169,524,114,71,1347,360,201,159,252,273,"BEN_Lougba","Natural","Forest-savanna","Congolian","Benin",8.27,1.76,240,105,7,1,1,0,1
"5","5",288,44,269,289,249,1132,225,3,86,638,13,125,638,122,67,1481,367,186,181,249,270,"BEN_Terou","Natural","Forest-savanna","Sudanian","Benin",9.06,2.06,290,181,7,1,1,0,1
"6","6",307,44,268,288,248,1134,222,4,86,635,14,126,635,121,67,1468,365,185,180,248,269,"BEN_Wannou","Natural","Forest-savanna","Sudanian","Benin",9.02,2.06,290,59,6,1,1,0,1
"7","7",951,2,222,259,166,464,111,0,105,304,1,154,4,157,55,3807,348,65,283,251,167,"BWA_Okavango","Natural","Savanna","Southern","Botswana",-19.467,23.377,950,6,6,2,1,0,0
"8","8",534,97,244,252,238,1581,214,29,46,595,118,304,546,110,78,573,316,176,140,239,244,"CAF_Dzanga","Natural","Rainforest","Congolian","CAR",3.38,16.34,550,232,10,2,2,0,1
"9","9",58,77,266,277,250,1710,510,18,88,905,135,309,266,75,69,1045,322,214,108,261,271,"CIV_Dabou","Degraded","Forest","Congolian","Ivory_Coast",5.35,-4.433,50,178,5,2,2,0,0
"10","10",284,19,268,281,252,1088,197,10,61,433,48,246,422,115,76,1076,351,201,150,257,269,"CIV_Foro","Degraded","Guinea-woodland","Sudanian","Ivory_Coast",7.917,-5,300,145,8,2,2,0,0
"11","11",102,38,268,282,254,1211,200,23,53,521,118,331,275,93,72,1030,338,209,129,273,266,"CIV_Lamto","Degraded","Forest-savanna","Congolian","Ivory_Coast",6.2,-4.967,100,92,10,2,2,0,0
"12","12",209,30,258,269,244,1753,300,23,55,652,121,359,547,93,75,925,326,203,123,248,262,"CIV_Tai1","Natural","Rainforest","Congolian","Ivory_Coast",5.833,-7.333,200,236,10,1,1,0,1
"13","13",824,665,222,232,207,2736,474,17,70,1346,97,405,1346,88,76,936,286,171,115,207,227,"CMR_Kupe1","Mixed","Rainforest","Congolian","Cameroon",4.836,9.68,900,52,11,1,1,0,1
"14","14",1114,828,205,215,191,2563,449,17,69,1243,92,397,1243,90,76,912,270,153,117,191,211,"CMR_Kupe2","Natural","Montane","Congolian","Cameroon",4.819,9.7075,1500,15,3,1,1,0,0
"15","15",1196,744,199,209,185,2526,443,17,69,1223,92,397,1223,90,76,919,264,147,117,185,205,"CMR_Kupe3","Natural","Montane","Congolian","Cameroon",4.7975,9.7031,2000,12,1,1,1,0,0
"16","16",2382,741,154,165,140,1996,362,14,68,967,71,334,967,108,76,973,234,93,141,140,161,"CMR_Oku","Natural","Montane","Congolian","Cameroon",6.254,10.419,2400,261,16,1,3,0,1
"17","17",775,57,244,249,238,1739,197,66,29,550,231,424,532,114,85,406,314,180,134,240,245,"COD_Epulu","Natural","Rainforest","Congolian","DR_Congo",1.4,28.583,800,1387,18,2,1,0,1
"18","18",963,407,216,218,211,1524,171,44,32,492,186,438,186,114,86,314,281,149,132,215,211,"COD_Irangi","Natural","Forest","Congolian","DR_Congo",-1.9,28.45,850,3541,13,2,3,0,0
"19","19",800,54,243,248,237,1756,199,67,29,556,234,427,537,114,85,426,313,179,134,239,244,"COD_Ituri","Natural","Rainforest","Congolian","DR_Congo",1.417,28.58,760,90,8,1,1,0,0
"20","20",423,53,252,259,244,1788,229,74,29,601,273,448,468,97,85,560,312,198,114,249,254,"COD_Kisangani11","Natural","Rainforest","Congolian","DR_Congo",0.448,25.289,420,400,10,2,3,0,0
"21","21",428,25,252,258,245,1804,231,76,29,602,277,451,470,97,85,526,312,199,113,250,253,"COD_Kisangani10","Natural","Rainforest","Congolian","DR_Congo",0.6051,25.2565,400,2913,19,2,3,0,0
"22","22",450,41,250,256,242,1775,228,73,29,598,279,450,460,98,85,582,310,195,115,246,253,"COD_Kisangani12","Natural","Rainforest","Congolian","DR_Congo",0.2898,25.2869,400,181,10,2,3,0,0
"23","23",413,55,253,257,248,1584,210,13,52,575,76,529,76,105,79,402,313,181,132,251,248,"COD_Kitwit","Agricultural","Forest-savanna","Congolian","DR_Congo",-5.0579,18.9092,450,1718,19,1,1,0,1
"24","24",560,35,280,302,263,929,242,0,117,640,0,69,640,158,70,1490,401,176,225,263,274,"ETH_Alatish","Natural","Sudanian_savanna","Sudanian","Ethiopia",12.2,35.5,600,211,12,2,2,0,1
"25","25",1239,439,224,233,216,797,126,24,51,312,79,217,154,121,78,690,306,151,155,229,227,"ETH_Arbaminch","Mixed","Savanna","Somalian","Ethiopia",6.04,37.57,1200,594,8,2,2,0,0
"26","26",3052,1239,127,138,120,1101,193,15,61,509,71,284,101,125,76,769,206,43,163,120,121,"ETH_Arsi","Natural","Montane","Ethiopian","Ethiopia",7.92,39.2,3200,295,11,2,3,0,0
"27","27",3611,418,86,94,79,1184,169,27,44,445,122,341,206,120,80,641,161,11,150,80,85,"ETH_Bale1","Natural","Montane","Ethiopian","Ethiopia",7,39.667,3500,458,5,2,2,0,1
"28","28",1922,371,180,189,169,989,158,12,58,380,68,380,75,150,77,795,274,81,193,189,174,"ETH_Bale2","Natural","Montane","Ethiopian","Ethiopia",6.67,39.73,2000,188,7,2,2,0,1
"29","29",3872,846,70,78,64,1254,171,30,42,445,128,378,237,118,79,589,146,-2,148,66,70,"ETH_Bale3","Natural","Montane","Ethiopian","Ethiopia",6.9,39.92,3700,16,3,2,2,0,1
"30","30",4114,256,57,65,51,1322,180,33,41,464,139,398,254,116,80,600,132,-12,144,52,58,"ETH_Bale4","Natural","Montane","Ethiopian","Ethiopia",6.85,39.883,4050,30,3,2,2,0,1
"31","31",3493,512,92,100,84,1150,166,25,45,437,115,333,197,122,79,617,168,15,153,87,91,"ETH_Bale5","Natural","Montane","Ethiopian","Ethiopia",7.05,39.75,3200,13,5,2,2,0,1
"32","32",1094,524,232,243,221,1454,187,35,45,535,126,178,494,137,77,870,326,150,176,231,237,"ETH_Chebera","Natural","Montane","Ethiopian","Ethiopia",6.82,36.69,800,620,10,2,2,0,1
"33","33",2669,1110,155,176,136,761,227,10,112,495,35,275,35,162,70,1634,274,44,230,165,136,"ETH_Hugumburda","Natural","Montane","Ethiopian","Ethiopia",12.65,39.55,2000,177,7,1,1,0,1
"34","34",2955,714,123,134,115,1033,180,15,58,461,77,273,352,128,77,801,205,39,166,115,119,"ETH_Hunkolo","Natural","Montane","Ethiopian","Ethiopia",7.4,39.4,3400,307,7,2,2,0,1
"35","35",2068,544,182,194,174,1784,310,22,66,831,101,446,823,151,76,829,278,81,197,176,176,"ETH_Jiren","Mixed","Montane","Ethiopian","Ethiopia",7.69,36.85,1800,100,6,2,2,0,1
"36","36",3070,912,117,128,106,1096,187,17,57,486,82,241,486,121,75,885,197,37,160,106,114,"ETH_Kaka","Natural","Montane","Ethiopian","Ethiopia",7.4,39.1,3500,612,8,2,2,0,1
"37","37",2730,886,135,152,122,960,300,2,122,685,8,233,22,140,72,1194,235,41,194,135,128,"ETH_Simiens1","Natural","Montane","Ethiopian","Ethiopia",13.19,37.89,2900,9,2,1,1,0,0
"38","38",2785,1272,134,152,122,943,297,2,125,679,7,221,20,143,72,1187,235,38,197,134,127,"ETH_Simiens2","Natural","Montane","Ethiopian","Ethiopia",13.23,38.04,3250,119,8,1,1,0,1
"39","39",3368,1384,99,115,85,982,301,3,122,691,10,220,48,142,73,1155,194,2,192,103,90,"ETH_Simiens3","Natural","Montane","Ethiopian","Ethiopia",13.26,38.19,3600,106,6,1,1,0,1
"40","40",3725,542,79,94,63,1057,311,3,117,723,15,234,57,140,74,1151,171,-17,188,84,69,"ETH_Simiens4","Natural","Montane","Ethiopian","Ethiopia",13.17,38.2,4000,115,4,1,1,0,1
"41","41",2518,483,159,173,148,1073,246,9,87,630,37,224,37,136,75,983,249,68,181,154,148,"ETH_Yerer","Natural","Montane","Ethiopian","Ethiopia",8.867,38.96,2000,400,6,2,2,0,1
"42","42",129,77,257,270,235,1919,364,2,72,838,13,678,13,109,69,1365,331,174,157,262,235,"GAB_Doudou","Natural","Rainforest","Congolian","Gabon",-2.15,10.5,110,1526,11,2,2,0,1
"43","43",27,100,254,268,234,1812,347,1,72,777,12,657,12,91,65,1354,322,184,138,261,234,"GAB_Gamba","Natural","Rainforest","Congolian","Gabon",-2.75,10.05,25,6,6,1,1,0,1
"44","44",21,24,256,270,235,1936,363,1,71,819,13,700,13,88,65,1334,321,187,134,262,235,"GAB_Loango","Natural","Rainforest","Congolian","Gabon",-2.2,9.7,30,6,6,1,1,0,1
"45","45",503,27,239,248,223,1659,305,13,61,671,95,598,95,90,75,1024,300,180,120,241,223,"GAB_Makoukou","Natural","Rainforest","Congolian","Gabon",0.567,12.867,450,230,8,2,2,0,0
"46","46",376,215,243,255,222,2077,388,3,71,903,19,731,19,105,70,1280,313,164,149,247,222,"GAB_Rabi","Natural","Rainforest","Congolian","Gabon",-1.8,10.3,200,12,12,1,1,0,1
"47","47",77,124,259,272,239,1993,376,3,71,867,18,698,18,101,69,1286,328,183,145,263,239,"GAB_Toucan","Natural","Rainforest","Congolian","Gabon",-1.7,10.2,160,11,11,1,1,0,1
"48","48",198,318,257,271,241,1146,202,21,53,477,101,268,251,92,74,1118,324,200,124,260,264,"GHA_Accra","Mixed","Guinea-woodland","Congolian","Ghana",6,0,80,234,10,2,2,0,1
"49","49",62,45,268,279,253,1811,350,39,57,763,179,365,348,79,73,990,328,221,107,272,273,"GHA_Boitano","Natural","Rainforest","Congolian","Ghana",5.53,-2.617,80,17,7,1,1,0,1
"50","50",114,49,272,289,257,1278,198,9,62,498,48,226,472,108,70,1190,355,201,154,267,276,"GHA_Digya","Natural","Forest-savanna","Congolian","Ghana",7.5,-0.5,150,26,4,1,1,0,0
"51","51",83,46,260,270,247,1915,402,43,63,858,194,361,332,72,75,873,313,217,96,264,264,"GHA_Draw","Natural","Rainforest","Congolian","Ghana",5.2,-2.4,80,26,6,1,1,0,1
"52","52",136,36,267,281,253,1262,188,9,59,484,61,271,383,102,71,1049,345,203,142,271,270,"GHA_Kogyae","Natural","Forest-savanna","Congolian","Ghana",7.2,-1.183,150,96,9,2,2,0,0
"53","53",248,228,261,274,245,1396,225,18,55,561,93,335,351,93,71,1089,334,204,130,265,266,"GHA_Krokosua","Natural","Rainforest","Congolian","Ghana",6.617,-2.85,220,44,4,1,1,0,1
"54","54",232,83,273,296,254,1049,204,1,80,534,12,135,534,112,65,1543,364,194,170,254,276,"GHA_Mole","Natural","Sudanian_savanna","Sudanian","Ghana",9.5,-2,200,48,5,1,1,0,0
"55","55",475,42,256,283,236,1511,311,1,92,855,8,231,36,173,62,1792,384,109,275,249,237,"GIN_Niger","Natural","Sudanian_savanna","Sudanian","Guinea",10.1,-10.4,450,11,11,1,1,1,1
"56","56",562,332,238,247,231,2457,421,18,63,1173,122,513,208,151,70,713,343,129,214,233,233,"GIN_Ziama","Natural","Forest-savanna","Congolian","Guinea",8.25,-9.25,600,28,10,1,1,0,1
"57","57",663,153,241,251,227,563,171,1,119,298,3,212,3,157,83,938,336,147,189,243,227,"KEN_Meru","Natural","Savanna","Somalian","Kenya",0.183,38.167,650,323,6,2,2,0,1
"58","58",1605,804,191,199,184,890,190,17,78,392,62,276,62,164,85,643,291,100,191,189,184,"KEN_Mukogodo","Natural","Montane","Somalian","Kenya",0.4,37.25,1500,187,7,2,1,0,1
"59","59",1709,186,187,200,167,946,209,16,74,467,63,362,80,121,72,1256,275,109,166,196,171,"Ken_Nairobi1","Natural","Grassland","Zambezian","Kenya",-1.233,36.8,1750,210,5,2,2,0,1
"60","60",1709,186,187,200,167,946,209,16,74,467,63,362,80,121,72,1256,275,109,166,196,171,"Ken_Nairobi2","Natural","Grassland","Zambezian","Kenya",-1.233,36.8,1750,680,9,2,2,0,0
"61","61",363,41,292,302,282,238,52,0,84,114,12,57,17,118,80,740,373,227,146,294,288,"KEN_Turkana1","Natural","Savanna","Somalian","Kenya",3.95,36.2,380,62,6,2,2,0,1
"62","62",1064,515,230,241,218,404,108,5,83,197,27,173,28,147,84,863,323,149,174,238,219,"KEN_Turkana2","Natural","Savanna","Somalian","Kenya",2.567,36.917,1000,6,3,2,2,0,1
"63","63",571,517,237,247,226,2104,382,18,66,997,108,316,887,140,71,824,336,141,195,227,237,"LBR_Nimba1","Mixed","Forest-savanna","Congolian","Liberia",7.51,-8.53,1350,1,1,1,1,0,1
"64","64",510,517,240,250,230,2074,376,16,66,985,104,311,877,141,70,805,340,141,199,231,239,"LBR_Nimba2","Mixed","Forest-savanna","Congolian","Liberia",7.52,-8.53,1000,7,5,1,1,0,1
"65","65",425,101,244,251,235,2127,390,16,66,1003,106,414,888,144,71,681,344,143,201,236,242,"LBR_Nimba3","Mixed","Forest-savanna","Congolian","Liberia",7.51,-8.7,420,21,5,1,1,0,1
"66","66",475,130,242,248,231,2151,393,17,66,1022,109,310,913,142,72,732,341,145,196,233,241,"LBR_Nimba4","Mixed","Forest-savanna","Congolian","Liberia",7.47,-8.65,450,58,6,1,1,0,1
"67","67",838,362,228,235,218,2613,449,22,62,1196,138,525,1034,143,72,879,327,129,198,220,226,"LBR_Wologizi","Natural","Forest-savanna","Congolian","Liberia",8.149,-9.879,550,15,6,1,1,0,1
"68","68",422,164,266,299,244,1067,310,0,122,773,0,56,6,131,58,2198,377,154,223,252,265,"MLI_Bafing","Mixed","Sudanian_savanna","Sudanian","Mali",13,-10.5,400,245,11,2,3,0,0
"69","69",378,41,267,292,248,1254,306,1,101,801,6,169,21,140,61,1762,372,146,226,255,253,"MLI_Baoule","Mixed","Sudanian_savanna","Sudanian","Mali",10.5,-7.7,410,50,5,2,3,0,0
"70","70",477,144,269,301,246,1036,301,0,121,756,0,65,8,148,62,2179,382,146,236,255,249,"MLI_Mandingues","Mixed","Sudanian_savanna","Sudanian","Mali",12.5,-8.5,430,158,11,2,3,0,0
"71","71",265,0,277,314,235,435,151,0,137,350,0,68,0,141,54,2928,404,147,257,279,235,"MLI_Mopti","Mixed","Sahel","Sudanian","Mali",14.89,-4.035,260,3107,3,2,3,0,1
"72","72",348,20,270,295,252,1133,297,2,101,720,11,158,21,130,61,1746,368,158,210,257,257,"MLI_Sikasso","Mixed","Sudanian_savanna","Sudanian","Mali",10.7,-6,340,283,11,2,3,0,0
"73","73",902,495,234,261,202,883,237,2,113,615,11,281,18,130,59,2288,349,131,218,246,217,"MOZ_Cabora","Natural","Savanna","Zambezian","Mozambique",-15.6,32.75,840,80,7,2,2,0,1
"74","74",37,11,250,275,211,1028,208,12,88,603,52,603,63,133,62,2659,347,135,212,275,222,"MOZ_Gorongosa","Natural","Savanna","Zambezian","Mozambique",-18.99,34.35,120,81,10,1,1,0,1
"75","75",2,3,257,286,227,168,69,0,157,152,0,138,3,121,61,2325,344,148,196,283,246,"MRT_Chott","Natural","Sahel","Sudanian","Mauritania",16.6,-16.43,10,329,7,2,2,0,1
"76","76",135,64,259,289,216,788,176,4,99,505,22,257,34,121,56,2878,360,145,215,282,233,"MWI_Lengwe","Natural","Savanna","Zambezian","Malawi",-16.3,34.733,100,220,9,2,2,0,1
"77","77",480,81,239,266,203,982,229,4,107,647,15,297,16,110,56,2458,332,138,194,255,217,"MWI_Liwonde","Natural","Savanna","Zambezian","Malawi",-15.033,35.25,550,106,7,2,2,0,1
"78","78",1629,1454,174,192,145,1780,330,21,81,940,92,505,119,97,61,1877,254,95,159,189,156,"MWI_Mulanje","Natural","Montane","Zambezian","Malawi",-15.983,35.533,1900,47,7,1,1,0,0
"79","79",2344,93,143,163,115,1285,256,4,95,741,19,335,23,107,58,1868,231,49,182,154,124,"MWI_Nyika","Natural","Montane","Zambezian","Malawi",-10.583,33.817,2300,47,6,1,1,0,0
"80","80",1206,23,205,234,159,891,215,0,113,618,0,347,0,152,55,3085,328,53,275,226,159,"MWI_Zomba","Natural","Montane","Zambezian","Malawi",-15.333,25.317,1900,215,8,2,2,0,1
"81","81",382,42,205,230,178,16,5,0,72,10,1,10,1,155,70,2052,312,92,220,230,178,"NAM_Gobabeb","Natural","Desert","Southern","Namibia",-23.543,14.993,400,2,2,2,1,0,0
"82","82",1161,227,152,188,111,95,27,2,95,60,6,38,8,126,60,3030,250,42,208,187,117,"NAM_Gorrasis","Natural","Desert","Southern","Namibia",-25.3,15.917,1200,3132,3,2,2,0,0
"83","83",1005,236,207,261,144,145,40,0,102,100,1,69,1,161,55,4591,346,57,289,257,144,"NAM_Keetmanshoop","Rangeland","Nama-Karoo","Southern","Namibia",-26.39,17.996,1000,301,8,2,2,0,1
"84","84",951,156,195,223,160,114,38,0,127,92,1,92,3,166,71,2483,302,70,232,223,165,"NAM_Tumasberg","Natural","Desert","Southern","Namibia",-23.152,15.514,1100,229,3,2,1,0,1
"85","85",126,47,269,284,251,1400,217,10,63,590,50,253,499,87,71,1246,337,215,122,262,275,"NGA_Gambari","Natural","Rainforest","Congolian","Nigeria",7.15,3.9,170,482,7,2,3,0,1
"86","86",1430,550,208,221,198,1712,293,4,76,848,24,237,848,118,69,890,298,129,169,198,211,"NGA_Gotel","Natural","Montane","Congolian","Nigeria",7,11.7,1600,29,9,1,1,0,1
"87","87",26,11,265,278,251,2263,384,15,67,1002,87,343,1002,84,75,1017,327,215,112,251,269,"NGA_Oredo","Mixed","Rainforest","Congolian","Nigeria",6.09,5.485,20,1690,14,1,3,0,1
"88","88",2670,1449,133,135,129,1721,236,33,42,615,162,514,447,101,92,243,189,80,109,133,133,"RWA_Volcanoes","Natural","Montane","Congolian","Rwanda",-1.458,29.498,3000,201,7,1,1,0,1
"89","89",158,95,283,317,261,974,284,0,123,723,0,39,4,131,58,2282,396,171,225,267,282,"SEN_Sabodala","Mixed","Sudanian_savanna","Sudanian","Senegal",13.167,-12.117,250,522,9,2,2,0,1
"90","90",325,102,258,275,246,2469,462,8,81,1276,38,154,1276,115,61,1204,354,168,186,246,254,"SLE_Bumbuna1","Natural","Forest-savanna","Sudanian","Sierra_Leone",9.3244,-11.675,310,81,8,1,1,0,1
"91","91",397,213,254,270,242,2367,426,9,80,1201,39,361,1201,119,62,1194,351,160,191,242,249,"SLE_Bumbuna2","Mixed","Forest-savanna","Sudanian","Sierra_Leone",9.32,-11.527,320,11,5,1,1,0,1
"92","92",282,186,256,265,245,2611,431,17,64,1182,112,318,1182,104,74,784,332,192,140,245,258,"SLE_Gola1","Natural","Rainforest","Congolian","Sierra_Leone",7.649,-10.775,150,54,8,1,1,0,1
"93","93",255,86,259,268,248,2561,415,15,63,1142,106,318,1142,108,72,784,337,189,148,248,258,"SLE_Gola2","Natural","Rainforest","Congolian","Sierra_Leone",7.772,-10.714,150,30,4,1,1,0,1
"94","94",48,5,279,295,261,537,124,3,87,267,19,140,86,125,73,1309,373,204,169,280,294,"SOM_Jubba","Natural","Savanna","Somalian","Somalia",1.067,42.583,20,63,5,1,1,0,1
"95","95",661,139,191,222,151,919,150,13,67,421,45,421,45,122,59,2792,276,71,205,222,151,"SWZ_Edwaleni","Natural","Savanna","Southern","Eswatini",-26.546,31.261,750,283,6,2,3,0,1
"96","96",250,57,222,255,181,662,125,8,70,324,30,324,30,122,57,2913,313,102,211,255,181,"SWZ_Lowveld","Mixed","Savanna","Southern","Eswatini",-26.22,31.88,300,1547,7,2,1,0,1
"97","97",642,456,198,231,154,1205,197,16,68,580,60,580,60,122,57,3056,285,73,212,231,154,"SWZ_Maguga","Natural","Savanna","Southern","Eswatini",-26.067,31.27,650,184,7,2,2,0,1
"98","98",181,210,226,258,186,657,127,7,71,325,32,325,32,123,58,2759,318,109,209,258,186,"SWZ_Mlawula","Natural","Savanna","Southern","Eswatini",-26.208,32,150,394,5,2,2,0,1
"99","99",410,4,277,308,259,892,254,0,115,615,0,99,2,152,62,2035,396,154,242,260,264,"TCD_Zakouma","Natural","Sudanian_savanna","Sudanian","Chad",10.5,19.8,430,400,8,1,1,0,1
"100","100",856,149,225,241,201,806,135,4,78,385,23,375,29,129,71,1600,310,130,180,240,205,"TZA_Berega","Agricultural","Savanna","Zambezian","Tanzania",-6.167,37.133,880,2585,10,2,3,0,0
"101","101",954,41,260,270,243,988,208,0,94,520,0,155,0,116,69,1096,335,169,166,264,243,"TZA_Katavi","Mixed","Savanna","Zambezian","Tanzania",-6.8,31,1000,636,16,2,2,0,1
"102","102",2088,1230,156,173,135,1202,233,10,83,529,34,367,34,106,67,1500,238,82,156,167,135,"TZA_Kilimanjaro1","Natural","Montane","Zambezian","Tanzania",-3.225,37.459,2200,6,6,2,1,1,1
"103","103",2687,1529,121,136,100,1323,252,12,80,564,41,398,42,100,67,1398,198,49,149,130,102,"TZA_Kilimanjaro2","Natural","Montane","Zambezian","Tanzania",-3.186,37.463,2700,6,6,2,1,1,1
"104","104",3401,1746,79,94,60,1516,278,23,72,617,74,445,76,93,65,1326,153,12,141,87,62,"TZA_Kilimanjaro3","Natural","Montane","Zambezian","Tanzania",-3.145,37.46,3500,4,4,2,1,1,1
"105","105",2088,1230,156,173,135,1202,233,10,83,529,34,367,34,106,67,1500,238,82,156,167,135,"TZA_KilimanjaroA1","Natural","Montane","Zambezian","Tanzania",-3.24007,37.45837,2000,81,6,1,1,0,1
"106","106",2805,1607,114,129,94,1349,258,14,79,563,46,405,47,99,66,1394,191,43,148,123,95,"TZA_KilimanjaroA2","Natural","Montane","Zambezian","Tanzania",-3.20765,37.447,2500,64,8,1,1,0,1
"107","107",3567,1694,70,84,51,1559,283,26,70,634,83,458,85,92,66,1306,143,4,139,77,52,"TZA_KilimanjaroA3","Natural","Montane","Zambezian","Tanzania",-3.17712,37.44022,3000,53,9,1,1,0,1
"108","108",3567,1694,70,84,51,1559,283,26,70,634,83,458,85,92,66,1306,143,4,139,77,52,"TZA_KilimanjaroA4","Natural","Montane","Zambezian","Tanzania",-3.14902,37.43555,3500,7,3,1,1,0,1
"109","109",4304,1219,29,42,12,1772,303,42,62,705,128,520,129,87,66,1182,99,-31,130,36,13,"TZA_KilimanjaroA5","Natural","Montane","Zambezian","Tanzania",-3.1261,37.42667,4000,87,3,1,1,0,1
"110","110",220,150,249,262,231,1100,215,5,78,561,30,426,30,79,67,1249,300,183,117,259,231,"TZA_Kingu","Mixed","Savanna","Zambezian","Tanzania",-8.433,38.633,170,225,8,1,1,0,1
"111","111",1159,14,207,210,201,1326,248,23,59,600,92,510,92,115,85,348,270,136,134,208,201,"TZA_Minziro","Natural","Montane","Congolian","Tanzania",-1.0942,31.5154,1160,210,12,1,1,0,1
"112","112",1144,178,210,223,186,742,189,1,91,389,7,389,9,115,70,1543,291,128,163,223,191,"TZA_Tarangire","Natural","Savanna","Zambezian","Tanzania",-3.88,36.03,1100,142,15,2,2,0,1
"113","113",1528,1297,189,205,166,1338,282,5,92,726,24,288,26,102,64,1550,269,110,159,196,171,"TZA_Udzungwa1","Natural","Forest","Zambezian","Tanzania",-8.517,35.9,600,19,5,1,1,0,1
"114","114",1528,1297,189,205,166,1338,282,5,92,726,24,288,26,102,64,1550,269,110,159,196,171,"TZA_Udzungwa2","Natural","Montane","Zambezian","Tanzania",-8.51,35.92,920,32,6,1,1,0,1
"115","115",1617,231,185,201,162,1272,265,5,91,684,23,277,25,103,64,1525,265,105,160,192,167,"TZA_Udzungwa3","Natural","Montane","Zambezian","Tanzania",-8.475,35.88,2460,66,6,1,1,0,1
"116","116",1992,264,165,180,142,1218,255,4,92,672,21,272,23,105,64,1483,246,84,162,174,148,"TZA_Udzungwa4","Natural","Montane","Zambezian","Tanzania",-8.35,35.95,2000,83,7,1,1,0,1
"117","117",415,1111,244,262,217,1561,365,11,89,894,51,426,58,71,54,1758,304,173,131,253,223,"TZA_Udzungwa5","Natural","Montane","Zambezian","Tanzania",-7.8478,36.8838,350,41,7,2,2,0,1
"118","118",797,1235,223,241,198,1422,304,7,86,785,39,443,45,83,59,1676,289,149,140,233,203,"TZA_Udzungwa6","Natural","Montane","Zambezian","Tanzania",-7.708,36.909,1200,48,7,2,2,0,1
"119","119",1021,587,200,221,176,1868,365,64,61,879,257,301,297,88,61,1761,278,135,143,208,219,"TZA_Usambara1","Natural","Montane","Zambezian","Tanzania",-5.1058,38.5978,1000,449,11,1,3,0,1
"120","120",1129,678,194,215,171,1664,360,65,70,857,234,300,269,97,64,1776,276,125,151,202,171,"TZA_Usambara2","Natural","Montane","Zambezian","Tanzania",-5.067,38.4,1200,562,11,1,3,0,1
"121","121",1567,649,193,196,191,1317,157,42,32,435,195,298,217,122,91,210,259,126,133,192,191,"UGA_Bwindi1","Natural","Montane","Congolian","Uganda",-0.997,29.616,1550,22,22,2,1,1,1
"122","122",2228,366,154,155,150,1332,186,30,38,445,159,344,189,114,89,243,217,89,128,155,151,"UGA_Bwindi2","Natural","Montane","Congolian","Uganda",-1.05,29.775,2300,25,25,2,1,1,1
"123","123",3389,1506,102,111,93,1730,249,50,39,603,192,250,594,110,80,672,180,43,137,93,107,"UGA_Elgon1","Natural","Montane","Sudanian","Uganda",1.15,34.483,3400,8,8,2,2,1,0
"124","124",3913,802,72,81,63,1783,254,59,36,607,217,278,597,102,78,685,146,16,130,63,77,"UGA_Elgon2","Natural","Montane","Sudanian","Uganda",1.143,34.526,4100,6,6,2,2,1,0
"125","125",1110,36,226,234,217,1296,194,44,38,476,175,222,280,119,83,625,304,161,143,229,232,"UGA_Mayuge","Agricultural","Forest-savanna","Congolian","Uganda",0.72,33.48,1000,2255,11,2,3,0,0
"126","126",2021,1870,172,176,168,1325,168,58,35,460,214,351,398,113,85,334,242,110,132,170,173,"UGA_Rwenzori1","Natural","Montane","Congolian","Uganda",0.344,30.027,2000,418,10,2,2,0,1
"127","127",2706,1765,130,134,126,1536,186,71,31,509,273,434,291,107,86,312,197,73,124,129,131,"UGA_Rwenzori2","Natural","Montane","Congolian","Uganda",0.341,29.987,2700,293,8,2,2,0,1
"128","128",2706,1765,130,134,126,1536,186,71,31,509,273,434,291,107,86,312,197,73,124,129,131,"UGA_Rwenzori3","Natural","Montane","Congolian","Uganda",0.321,29.974,3350,83,9,2,2,0,1
"129","129",4164,920,53,56,48,2088,245,99,28,650,360,529,377,93,85,304,112,3,109,51,49,"UGA_Rwenzori4","Natural","Montane","Congolian","Uganda",0.3,29.91,4000,87,6,2,2,0,1
"130","130",1937,532,106,157,51,584,82,24,39,223,83,201,83,147,55,4107,242,-22,264,154,51,"ZAF_Asante","Natural","Montane","Southern","South_Africa",-32.233,24.917,1800,56,6,2,2,0,1
"131","131",834,458,149,189,105,585,64,30,20,170,105,170,113,124,56,3300,256,37,219,189,110,"ZAF_Baviaanskloof","Natural","Fynbos","Southern","South_Africa",-33.6,24.4,800,117,5,1,1,0,1
"132","132",1531,96,166,209,108,711,136,6,74,350,20,338,20,142,55,4074,273,17,256,205,108,"ZAF_Cradle","Natural","Grassland","Southern","South_Africa",-25.93,27.77,1550,159,10,2,2,0,0
"133","133",1055,276,182,214,138,951,157,11,72,464,38,464,38,131,60,3055,271,53,218,214,138,"ZAF_Groenvaley","Degraded","Grassland","Southern","South_Africa",-25.33,30.75,1100,493,7,2,3,0,1
"134","134",903,22,200,269,121,218,43,1,80,120,5,104,6,185,53,5794,357,8,349,262,142,"ZAF_Kalahari1","Natural","Savanna","Southern","South_Africa",-26.46,20.61,900,433,7,2,3,0,0
"135","135",890,11,201,269,121,216,43,1,78,118,5,103,6,185,53,5804,357,9,348,262,142,"ZAF_Kalahari2","Natural","Savanna","Southern","South_Africa",-26.42,20.62,900,34,5,2,3,0,0
"136","136",963,23,203,270,123,237,45,1,86,132,5,108,5,187,53,5754,355,7,348,264,123,"ZAF_Kalahari3","Natural","Savanna","Southern","South_Africa",-25.56,20.65,1000,579,10,2,3,0,0
"137","137",1029,15,201,266,124,230,48,1,87,136,5,108,5,186,54,5569,349,7,342,259,124,"ZAF_Kalahari4","Natural","Savanna","Southern","South_Africa",-25.1,20.2,1000,97,5,2,3,0,1
"138","138",1331,524,148,186,98,868,136,13,66,402,50,402,50,131,56,3476,243,13,230,186,98,"ZAF_Karkloof","Natural","Forest","Southern","South_Africa",-29.292,30.24,1500,1812,8,2,2,0,1
"139","139",582,60,176,226,122,292,45,9,39,108,38,90,39,145,54,4076,306,42,264,225,126,"ZAF_Karoo1","Rangeland","Nama-Karoo","Southern","South_Africa",-33.083,24.317,600,9,3,2,1,0,0
"140","140",510,137,171,216,122,391,49,17,26,125,63,110,66,133,55,3698,288,47,241,215,126,"ZAF_Karoo2","Rangeland","Succulent-Karoo","Southern","South_Africa",-33.367,24.2,550,21,3,2,1,0,1
"141","141",676,404,162,209,112,444,51,24,19,137,85,121,85,132,54,3775,284,43,241,192,118,"ZAF_Karoo3","Rangeland","Nama-Karoo","Southern","South_Africa",-33.35,23.133,800,33,2,2,1,0,1
"142","142",853,101,153,201,102,366,45,21,20,115,70,95,70,141,56,3835,282,32,250,182,102,"ZAF_Karoo4","Rangeland","Nama-Karoo","Southern","South_Africa",-33.233,22.617,850,46,3,2,1,0,1
"143","143",814,171,153,208,95,254,34,6,38,93,30,30,87,147,54,4432,294,25,269,127,208,"ZAF_Karoo5","Rangeland","Succulent-Karoo","Southern","South_Africa",-33.45,20.05,800,4,1,2,1,0,1
"144","144",765,387,159,218,97,224,36,6,49,93,32,33,92,148,52,4754,307,25,282,104,206,"ZAF_Karoo6","Rangeland","Succulent-Karoo","Southern","South_Africa",-33.167,19.733,700,47,5,2,1,0,1
"145","145",233,78,184,227,137,176,30,2,65,85,11,13,84,149,60,3560,312,66,246,144,226,"ZAF_Knersvlakte","Natural","Succulent-Karoo","Southern","South_Africa",-31.4,18.5,250,98,8,1,1,0,1
"146","146",1083,100,196,242,133,614,122,3,79,320,15,320,15,155,55,4433,312,33,279,242,133,"ZAF_Mankwe","Natural","Savanna","Southern","South_Africa",-25.25,27.283,1100,891,9,2,3,0,1
"147","147",630,326,209,240,166,714,139,6,80,388,23,388,23,128,60,2910,296,86,210,240,166,"ZAF_Mariepskop","Natural","Montane","Southern","South_Africa",-24.5,30.967,1700,32,6,1,1,0,1
"148","148",1514,388,130,179,76,512,71,19,42,197,66,183,67,150,56,4026,265,-2,267,176,79,"ZAF_MtZebra","Natural","Montane","Southern","South_Africa",-32.3,25.4,1800,24,6,2,2,0,1
"149","149",985,15,203,270,123,238,46,1,87,132,5,106,5,187,54,5704,353,7,346,263,123,"ZAF_Nossob","Natural","Savanna","Southern","South_Africa",-25.417,20.599,950,47,6,1,1,0,1
"150","150",398,42,231,265,184,498,98,3,87,286,12,286,12,140,60,3215,332,99,233,265,184,"ZAF_Nwashitshumbe","Natural","Savanna","Zambezian","South_Africa",-22.75,31.25,400,1275,5,2,2,0,0
"151","151",1097,84,191,230,136,580,112,2,82,309,12,296,12,156,59,3767,297,36,261,228,136,"ZAF_Nyslvley","Natural","Savanna","Southern","South_Africa",-24.64,28.68,1100,77,13,1,1,0,1
"152","152",97,134,217,250,176,760,114,21,48,300,79,289,79,116,56,2917,307,100,207,250,176,"ZAF_Phinda","Natural","Savanna","Southern","South_Africa",-27.75,32.3,50,157,9,2,2,0,1
"153","153",572,74,210,243,170,730,124,12,69,346,41,346,41,129,59,2867,306,88,218,243,170,"ZAF_Pretoriuskop","Natural","Savanna","Zambezian","South_Africa",-25.17,31.29,600,89,8,1,1,0,1
"154","154",46,53,217,250,180,1117,136,53,29,384,172,384,172,93,53,2735,296,121,175,250,180,"ZAF_RichardsBay","Degraded","Forest","Southern","South_Africa",-28.7156,32.1847,50,1405,6,2,2,0,1
"155","155",1246,117,177,245,100,370,61,8,58,166,31,140,31,165,50,5625,337,7,330,238,100,"ZAF_Rolfontein","Natural","Grassland","Southern","South_Africa",-30.009,24.765,1250,1139,12,2,2,0,1
"156","156",292,69,223,264,171,565,103,8,75,295,29,295,29,141,55,3617,331,79,252,264,171,"ZAF_Satara","Natural","Savanna","Zambezian","South_Africa",-24.39,31.79,250,36,5,1,1,0,1
"157","157",1785,295,118,177,55,465,75,18,47,195,58,165,58,157,53,4731,267,-25,292,172,55,"ZAF_Sneeuberg","Natural","Montane","Southern","South_Africa",-31.7,24.633,1800,122,6,2,2,0,1
"158","158",1452,540,166,199,117,852,178,8,82,466,33,466,33,127,57,3314,256,36,220,199,117,"ZAF_Soutpansberg","Natural","Montane","Southern","South_Africa",-23.034,29.431,1400,458,7,2,2,0,1
"159","159",1313,690,123,168,75,440,50,28,16,135,93,113,93,141,57,3627,250,6,244,152,75,"ZAF_Swartberg","Natural","Fynbos","Southern","South_Africa",-33.33,22.05,1200,92,5,1,1,0,1
"160","160",1385,92,169,211,111,679,124,6,76,345,20,322,20,157,58,4015,279,11,268,208,111,"ZAF_Telperion","Natural","Grassland","Southern","South_Africa",-25.633,28.883,1400,163,11,2,1,0,1
"161","161",1519,386,138,178,85,925,150,13,69,445,48,445,48,133,55,3704,235,-6,241,178,85,"ZAF_Wakefield","Natural","Montane","Southern","South_Africa",-29.48,29.89,1450,342,10,2,1,0,1
"162","162",1395,73,162,217,92,581,92,9,63,258,30,258,30,161,53,4965,295,-7,302,217,92,"ZAF_WillemPretorius","Natural","Grassland","Southern","South_Africa",-28.3,27.18,1400,328,4,2,2,0,1
"163","163",1106,32,208,234,166,978,233,0,110,658,1,385,3,148,56,2793,326,63,263,225,167,"ZMB_Kafue1","Natural","Savanna","Zambezian","Zambia",-14.383,26.041,1100,43,6,1,1,0,1
"164","164",1111,25,208,232,167,1005,233,0,109,667,1,392,3,150,56,2710,328,63,265,224,167,"ZMB_Kafue2","Natural","Savanna","Zambezian","Zambia",-14.208,25.656,1100,14,4,1,1,0,1
"165","165",1107,24,208,234,167,989,233,0,110,661,1,388,3,148,56,2748,326,63,263,224,167,"ZMB_Kafue3","Natural","Savanna","Zambezian","Zambia",-14.297,25.92,1100,18,6,1,1,0,1
"166","166",883,70,222,253,178,653,171,0,113,457,1,230,8,141,55,3001,340,85,255,240,179,"ZWE_Sengwa","Natural","Savanna","Zambezian","Zimbabwe",-18.167,28.233,900,313,11,2,2,0,1
